quantity,null_name,scenario,alt_type,level,statistic,estimate,mc_se,num_replicates,alpha,critical_value,success_rate,error_rate,mean_value,median_value,n,n_eval_source,n_solve,base_seed
empirical size,truncated_elliptical_t,size,,0.0,mmd,0.042,0.008970618707759236,500,0.05,0.0004860741680616,1.0,0.0,7.425098807482398e-06,-3.949498292987741e-05,1000,5000,5000,2026
empirical size,truncated_elliptical_t,size,,0.0,potential,0.04,0.008763560920082658,500,0.05,3.156159262212836,0.054,0.0,1.7725254250590212,1.5972076156401784,1000,5000,5000,2026
empirical size,truncated_elliptical_t,size,,0.0,w2,0.044,0.009172131704244111,500,0.05,0.0625430442876067,0.054,0.0,0.05477941727268316,0.053918400470929995,1000,5000,5000,2026
empirical size,truncated_gaussian,size,,0.0,mmd,0.038,0.00855055553750749,500,0.05,0.0004331808497901,1.0,0.0,-3.541276348786813e-05,-8.992179656031052e-05,1000,5000,5000,2026
empirical size,truncated_gaussian,size,,0.0,potential,0.052,0.00992935043192655,500,0.05,1.9801363445849376,0.278,0.0,1.3864596194839007,1.3579492835484483,1000,5000,5000,2026
empirical size,truncated_gaussian,size,,0.0,w2,0.046,0.00936845771725528,500,0.05,0.0572042510027439,0.278,0.0,0.05199209581732026,0.05168857878830925,1000,5000,5000,2026
empirical size,uniform_ball,size,,0.0,mmd,0.048,0.009559916317625379,500,0.05,0.000342243919253,1.0,0.0,-0.00010113462655102326,-0.000152711495172,1000,5000,5000,2026
empirical size,uniform_ball,size,,0.0,potential,0.052,0.00992935043192655,500,0.05,0.6061410082729104,0.444,0.0,0.3944179944359588,0.3761014562472001,1000,5000,5000,2026
empirical size,uniform_ball,size,,0.0,w2,0.042,0.008970618707759236,500,0.05,0.0147685468406878,0.444,0.0,0.013331307006258696,0.013261274466052051,1000,5000,5000,2026
