quantity,null_name,scenario,alt_type,level,statistic,estimate,mc_se,num_replicates,critical_value,success_rate,error_rate,mean_value,median_value,n,n_eval_source,n_solve,base_seed
empirical power,uniform_ball,power,location_shift,0.05,mmd,0.0,0.0,1,-0.0370901624143036,1.0,0.0,-0.0726985779735303,-0.0726985779735303,4,16,16,2033
empirical power,uniform_ball,power,location_shift,0.05,potential,0.0,0.0,1,0.3280336727174123,1.0,0.0,0.3156563843768279,0.3156563843768279,4,16,16,2033
empirical power,uniform_ball,power,location_shift,0.05,w2,1.0,0.0,1,0.4780765779676139,1.0,0.0,0.5952132197889894,0.5952132197889894,4,16,16,2033
empirical power,uniform_ball,power,location_shift,0.1,mmd,1.0,0.0,1,-0.0370901624143036,1.0,0.0,0.0464027891437814,0.0464027891437814,4,16,16,2033
empirical power,uniform_ball,power,location_shift,0.1,potential,1.0,0.0,1,0.3280336727174123,1.0,0.0,0.4747152801841199,0.4747152801841199,4,16,16,2033
empirical power,uniform_ball,power,location_shift,0.1,w2,1.0,0.0,1,0.4780765779676139,1.0,0.0,0.7540137261190729,0.7540137261190729,4,16,16,2033
empirical power,uniform_ball,power,location_shift,0.15,mmd,1.0,0.0,1,-0.0370901624143036,1.0,0.0,0.0370568420416095,0.0370568420416095,4,16,16,2033
empirical power,uniform_ball,power,location_shift,0.15,potential,1.0,0.0,1,0.3280336727174123,1.0,0.0,0.4194601333149097,0.4194601333149097,4,16,16,2033
empirical power,uniform_ball,power,location_shift,0.15,w2,1.0,0.0,1,0.4780765779676139,1.0,0.0,0.5962230390395789,0.5962230390395789,4,16,16,2033
empirical power,uniform_ball,power,location_shift,0.2,mmd,1.0,0.0,1,-0.0370901624143036,1.0,0.0,0.0513038535541687,0.0513038535541687,4,16,16,2033
empirical power,uniform_ball,power,location_shift,0.2,potential,1.0,0.0,1,0.3280336727174123,0.0,0.0,0.50965615280294,0.50965615280294,4,16,16,2033
empirical power,uniform_ball,power,location_shift,0.2,w2,1.0,0.0,1,0.4780765779676139,0.0,0.0,0.7209794072176381,0.7209794072176381,4,16,16,2033
empirical power,uniform_ball,power,location_shift,0.25,mmd,0.0,0.0,1,-0.0370901624143036,1.0,0.0,-0.0870091603480289,-0.0870091603480289,4,16,16,2033
empirical power,uniform_ball,power,location_shift,0.25,potential,0.0,0.0,1,0.3280336727174123,1.0,0.0,0.2439180594428966,0.2439180594428966,4,16,16,2033
empirical power,uniform_ball,power,location_shift,0.25,w2,0.0,0.0,1,0.4780765779676139,1.0,0.0,0.3990655599524385,0.3990655599524385,4,16,16,2033
empirical power,uniform_ball,power,location_shift,0.3,mmd,1.0,0.0,1,-0.0370901624143036,1.0,0.0,0.1376924385190379,0.1376924385190379,4,16,16,2033
empirical power,uniform_ball,power,location_shift,0.3,potential,1.0,0.0,1,0.3280336727174123,0.0,0.0,0.608174247477852,0.608174247477852,4,16,16,2033
empirical power,uniform_ball,power,location_shift,0.3,w2,1.0,0.0,1,0.4780765779676139,0.0,0.0,0.8940952492960735,0.8940952492960735,4,16,16,2033
empirical power,uniform_ball,power,mixture_contamination,0.01,mmd,0.0,0.0,1,-0.0370901624143036,1.0,0.0,-0.0544089276537,-0.0544089276537,4,16,16,2033
empirical power,uniform_ball,power,mixture_contamination,0.01,potential,1.0,0.0,1,0.3280336727174123,1.0,0.0,0.3585218237094862,0.3585218237094862,4,16,16,2033
empirical power,uniform_ball,power,mixture_contamination,0.01,w2,1.0,0.0,1,0.4780765779676139,1.0,0.0,0.5349028910292966,0.5349028910292966,4,16,16,2033
empirical power,uniform_ball,power,mixture_contamination,0.02,mmd,0.0,0.0,1,-0.0370901624143036,1.0,0.0,-0.047570251951335,-0.047570251951335,4,16,16,2033
empirical power,uniform_ball,power,mixture_contamination,0.02,potential,1.0,0.0,1,0.3280336727174123,1.0,0.0,0.3966129497009583,0.3966129497009583,4,16,16,2033
empirical power,uniform_ball,power,mixture_contamination,0.02,w2,1.0,0.0,1,0.4780765779676139,1.0,0.0,0.5757622813206327,0.5757622813206327,4,16,16,2033
empirical power,uniform_ball,power,mixture_contamination,0.05,mmd,1.0,0.0,1,-0.0370901624143036,1.0,0.0,0.1915071869519766,0.1915071869519766,4,16,16,2033
empirical power,uniform_ball,power,mixture_contamination,0.05,potential,1.0,0.0,1,0.3280336727174123,0.0,0.0,0.6115335721497778,0.6115335721497778,4,16,16,2033
empirical power,uniform_ball,power,mixture_contamination,0.05,w2,1.0,0.0,1,0.4780765779676139,0.0,0.0,0.887614534860516,0.887614534860516,4,16,16,2033
empirical power,uniform_ball,power,mixture_contamination,0.1,mmd,1.0,0.0,1,-0.0370901624143036,1.0,0.0,0.0089921026752854,0.0089921026752854,4,16,16,2033
empirical power,uniform_ball,power,mixture_contamination,0.1,potential,0.0,0.0,1,0.3280336727174123,0.0,0.0,0.245094799389577,0.245094799389577,4,16,16,2033
empirical power,uniform_ball,power,mixture_contamination,0.1,w2,0.0,0.0,1,0.4780765779676139,0.0,0.0,0.4512228921477118,0.4512228921477118,4,16,16,2033
empirical power,uniform_ball,power,mixture_contamination,0.15,mmd,0.0,0.0,1,-0.0370901624143036,1.0,0.0,-0.0478915319554893,-0.0478915319554893,4,16,16,2033
empirical power,uniform_ball,power,mixture_contamination,0.15,potential,0.0,0.0,1,0.3280336727174123,1.0,0.0,0.2605030740074601,0.2605030740074601,4,16,16,2033
empirical power,uniform_ball,power,mixture_contamination,0.15,w2,0.0,0.0,1,0.4780765779676139,1.0,0.0,0.404341215248979,0.404341215248979,4,16,16,2033
empirical power,uniform_ball,power,mixture_contamination,0.2,mmd,0.0,0.0,1,-0.0370901624143036,1.0,0.0,-0.061819123153785,-0.061819123153785,4,16,16,2033
empirical power,uniform_ball,power,mixture_contamination,0.2,potential,0.0,0.0,1,0.3280336727174123,0.0,0.0,0.3210330170747438,0.3210330170747438,4,16,16,2033
empirical power,uniform_ball,power,mixture_contamination,0.2,w2,1.0,0.0,1,0.4780765779676139,0.0,0.0,0.541175491046938,0.541175491046938,4,16,16,2033
empirical power,uniform_ball,power,scale,1.025,mmd,0.0,0.0,1,-0.0370901624143036,1.0,0.0,-0.0892618305612149,-0.0892618305612149,4,16,16,2033
empirical power,uniform_ball,power,scale,1.025,potential,0.0,0.0,1,0.3280336727174123,0.0,0.0,0.2465956132321317,0.2465956132321317,4,16,16,2033
empirical power,uniform_ball,power,scale,1.025,w2,0.0,0.0,1,0.4780765779676139,0.0,0.0,0.4445605268353767,0.4445605268353767,4,16,16,2033
empirical power,uniform_ball,power,scale,1.05,mmd,1.0,0.0,1,-0.0370901624143036,1.0,0.0,-0.002121653043041,-0.002121653043041,4,16,16,2033
empirical power,uniform_ball,power,scale,1.05,potential,1.0,0.0,1,0.3280336727174123,1.0,0.0,0.4128757537230676,0.4128757537230676,4,16,16,2033
empirical power,uniform_ball,power,scale,1.05,w2,1.0,0.0,1,0.4780765779676139,1.0,0.0,0.6277357659150662,0.6277357659150662,4,16,16,2033
empirical power,uniform_ball,power,scale,1.075,mmd,0.0,0.0,1,-0.0370901624143036,1.0,0.0,-0.0720069615158531,-0.0720069615158531,4,16,16,2033
empirical power,uniform_ball,power,scale,1.075,potential,0.0,0.0,1,0.3280336727174123,1.0,0.0,0.2216281142355793,0.2216281142355793,4,16,16,2033
empirical power,uniform_ball,power,scale,1.075,w2,0.0,0.0,1,0.4780765779676139,1.0,0.0,0.4380042398403231,0.4380042398403231,4,16,16,2033
empirical power,uniform_ball,power,scale,1.1,mmd,0.0,0.0,1,-0.0370901624143036,1.0,0.0,-0.0625058519359302,-0.0625058519359302,4,16,16,2033
empirical power,uniform_ball,power,scale,1.1,potential,0.0,0.0,1,0.3280336727174123,1.0,0.0,0.3112303204280223,0.3112303204280223,4,16,16,2033
empirical power,uniform_ball,power,scale,1.1,w2,1.0,0.0,1,0.4780765779676139,1.0,0.0,0.4898444523959394,0.4898444523959394,4,16,16,2033
empirical power,uniform_ball,power,scale,1.15,mmd,1.0,0.0,1,-0.0370901624143036,1.0,0.0,0.0903488258523554,0.0903488258523554,4,16,16,2033
empirical power,uniform_ball,power,scale,1.15,potential,1.0,0.0,1,0.3280336727174123,0.0,0.0,0.4863856484494839,0.4863856484494839,4,16,16,2033
empirical power,uniform_ball,power,scale,1.15,w2,1.0,0.0,1,0.4780765779676139,0.0,0.0,0.8515401734326987,0.8515401734326987,4,16,16,2033
empirical power,uniform_ball,power,scale,1.2,mmd,1.0,0.0,1,-0.0370901624143036,1.0,0.0,0.1164080291942895,0.1164080291942895,4,16,16,2033
empirical power,uniform_ball,power,scale,1.2,potential,1.0,0.0,1,0.3280336727174123,0.0,0.0,0.5638407138936402,0.5638407138936402,4,16,16,2033
empirical power,uniform_ball,power,scale,1.2,w2,1.0,0.0,1,0.4780765779676139,0.0,0.0,0.9056183664948476,0.9056183664948476,4,16,16,2033
